{
  "backprop" : true,
  "backpropType" : "Standard",
  "cacheMode" : "NONE",
  "confs" : [ {
    "cacheMode" : "NONE",
    "iterationCount" : 0,
    "l1ByParam" : {
      "b" : 0.0,
      "W" : 1.0E-5
    },
    "l2ByParam" : {
      "b" : 0.0,
      "W" : 1.0E-5
    },
    "layer" : {
      "dense" : {
        "activationFn" : {
          "Identity" : { }
        },
        "adamMeanDecay" : "NaN",
        "adamVarDecay" : "NaN",
        "biasInit" : 0.0,
        "biasLearningRate" : 1.0E-4,
        "dist" : null,
        "dropOut" : 0.5,
        "epsilon" : "NaN",
        "gradientNormalization" : "RenormalizeL2PerParamType",
        "gradientNormalizationThreshold" : 0.5,
        "iupdater" : {
          "@class" : "org.nd4j.linalg.learning.config.Nesterovs",
          "learningRate" : 1.0E-4,
          "momentum" : 0.9
        },
        "l1" : 1.0E-5,
        "l1Bias" : 0.0,
        "l2" : 1.0E-5,
        "l2Bias" : 0.0,
        "layerName" : "layer0",
        "learningRate" : 1.0E-4,
        "learningRateSchedule" : null,
        "momentum" : 0.9,
        "momentumSchedule" : { },
        "nin" : 100,
        "nout" : 50,
        "rho" : "NaN",
        "rmsDecay" : "NaN",
        "updater" : "NESTEROVS",
        "weightInit" : "RELU_UNIFORM"
      }
    },
    "leakyreluAlpha" : 0.0,
    "learningRateByParam" : {
      "b" : 1.0E-4,
      "W" : 1.0E-4
    },
    "learningRatePolicy" : "None",
    "lrPolicyDecayRate" : "NaN",
    "lrPolicyPower" : "NaN",
    "lrPolicySteps" : "NaN",
    "maxNumLineSearchIterations" : 5,
    "miniBatch" : true,
    "minimize" : true,
    "numIterations" : 1,
    "optimizationAlgo" : "STOCHASTIC_GRADIENT_DESCENT",
    "pretrain" : false,
    "seed" : 1528466530955,
    "stepFunction" : null,
    "useDropConnect" : false,
    "useRegularization" : true,
    "variables" : [ "W", "b" ]
  }, {
    "cacheMode" : "NONE",
    "iterationCount" : 0,
    "l1ByParam" : {
      "b" : 0.0,
      "W" : 1.0E-5
    },
    "l2ByParam" : {
      "b" : 0.0,
      "W" : 1.0E-5
    },
    "layer" : {
      "dense" : {
        "activationFn" : {
          "ELU" : {
            "alpha" : 1.0
          }
        },
        "adamMeanDecay" : "NaN",
        "adamVarDecay" : "NaN",
        "biasInit" : 0.0,
        "biasLearningRate" : 1.0E-4,
        "dist" : null,
        "dropOut" : 0.5,
        "epsilon" : "NaN",
        "gradientNormalization" : "RenormalizeL2PerParamType",
        "gradientNormalizationThreshold" : 0.5,
        "iupdater" : {
          "@class" : "org.nd4j.linalg.learning.config.Nesterovs",
          "learningRate" : 1.0E-4,
          "momentum" : 0.9
        },
        "l1" : 1.0E-5,
        "l1Bias" : 0.0,
        "l2" : 1.0E-5,
        "l2Bias" : 0.0,
        "layerName" : "layer1",
        "learningRate" : 1.0E-4,
        "learningRateSchedule" : null,
        "momentum" : 0.9,
        "momentumSchedule" : { },
        "nin" : 50,
        "nout" : 33,
        "rho" : "NaN",
        "rmsDecay" : "NaN",
        "updater" : "NESTEROVS",
        "weightInit" : "RELU_UNIFORM"
      }
    },
    "leakyreluAlpha" : 0.0,
    "learningRateByParam" : {
      "b" : 1.0E-4,
      "W" : 1.0E-4
    },
    "learningRatePolicy" : "None",
    "lrPolicyDecayRate" : "NaN",
    "lrPolicyPower" : "NaN",
    "lrPolicySteps" : "NaN",
    "maxNumLineSearchIterations" : 5,
    "miniBatch" : true,
    "minimize" : true,
    "numIterations" : 1,
    "optimizationAlgo" : "STOCHASTIC_GRADIENT_DESCENT",
    "pretrain" : false,
    "seed" : 1528466530955,
    "stepFunction" : null,
    "useDropConnect" : false,
    "useRegularization" : true,
    "variables" : [ "W", "b" ]
  }, {
    "cacheMode" : "NONE",
    "iterationCount" : 0,
    "l1ByParam" : {
      "b" : 0.0,
      "W" : 1.0E-5
    },
    "l2ByParam" : {
      "b" : 0.0,
      "W" : 1.0E-5
    },
    "layer" : {
      "dense" : {
        "activationFn" : {
          "ELU" : {
            "alpha" : 1.0
          }
        },
        "adamMeanDecay" : "NaN",
        "adamVarDecay" : "NaN",
        "biasInit" : 0.0,
        "biasLearningRate" : 1.0E-4,
        "dist" : null,
        "dropOut" : 0.5,
        "epsilon" : "NaN",
        "gradientNormalization" : "RenormalizeL2PerParamType",
        "gradientNormalizationThreshold" : 0.5,
        "iupdater" : {
          "@class" : "org.nd4j.linalg.learning.config.Nesterovs",
          "learningRate" : 1.0E-4,
          "momentum" : 0.9
        },
        "l1" : 1.0E-5,
        "l1Bias" : 0.0,
        "l2" : 1.0E-5,
        "l2Bias" : 0.0,
        "layerName" : "layer2",
        "learningRate" : 1.0E-4,
        "learningRateSchedule" : null,
        "momentum" : 0.9,
        "momentumSchedule" : { },
        "nin" : 33,
        "nout" : 33,
        "rho" : "NaN",
        "rmsDecay" : "NaN",
        "updater" : "NESTEROVS",
        "weightInit" : "RELU_UNIFORM"
      }
    },
    "leakyreluAlpha" : 0.0,
    "learningRateByParam" : {
      "b" : 1.0E-4,
      "W" : 1.0E-4
    },
    "learningRatePolicy" : "None",
    "lrPolicyDecayRate" : "NaN",
    "lrPolicyPower" : "NaN",
    "lrPolicySteps" : "NaN",
    "maxNumLineSearchIterations" : 5,
    "miniBatch" : true,
    "minimize" : true,
    "numIterations" : 1,
    "optimizationAlgo" : "STOCHASTIC_GRADIENT_DESCENT",
    "pretrain" : false,
    "seed" : 1528466530955,
    "stepFunction" : null,
    "useDropConnect" : false,
    "useRegularization" : true,
    "variables" : [ "W", "b" ]
  }, {
    "cacheMode" : "NONE",
    "iterationCount" : 0,
    "l1ByParam" : {
      "b" : 0.0,
      "W" : 1.0E-5
    },
    "l2ByParam" : {
      "b" : 0.0,
      "W" : 1.0E-5
    },
    "layer" : {
      "dense" : {
        "activationFn" : {
          "ELU" : {
            "alpha" : 1.0
          }
        },
        "adamMeanDecay" : "NaN",
        "adamVarDecay" : "NaN",
        "biasInit" : 0.0,
        "biasLearningRate" : 1.0E-4,
        "dist" : null,
        "dropOut" : 0.5,
        "epsilon" : "NaN",
        "gradientNormalization" : "RenormalizeL2PerParamType",
        "gradientNormalizationThreshold" : 0.5,
        "iupdater" : {
          "@class" : "org.nd4j.linalg.learning.config.Nesterovs",
          "learningRate" : 1.0E-4,
          "momentum" : 0.9
        },
        "l1" : 1.0E-5,
        "l1Bias" : 0.0,
        "l2" : 1.0E-5,
        "l2Bias" : 0.0,
        "layerName" : "layer3",
        "learningRate" : 1.0E-4,
        "learningRateSchedule" : null,
        "momentum" : 0.9,
        "momentumSchedule" : { },
        "nin" : 33,
        "nout" : 50,
        "rho" : "NaN",
        "rmsDecay" : "NaN",
        "updater" : "NESTEROVS",
        "weightInit" : "RELU_UNIFORM"
      }
    },
    "leakyreluAlpha" : 0.0,
    "learningRateByParam" : {
      "b" : 1.0E-4,
      "W" : 1.0E-4
    },
    "learningRatePolicy" : "None",
    "lrPolicyDecayRate" : "NaN",
    "lrPolicyPower" : "NaN",
    "lrPolicySteps" : "NaN",
    "maxNumLineSearchIterations" : 5,
    "miniBatch" : true,
    "minimize" : true,
    "numIterations" : 1,
    "optimizationAlgo" : "STOCHASTIC_GRADIENT_DESCENT",
    "pretrain" : false,
    "seed" : 1528466530955,
    "stepFunction" : null,
    "useDropConnect" : false,
    "useRegularization" : true,
    "variables" : [ "W", "b" ]
  }, {
    "cacheMode" : "NONE",
    "iterationCount" : 0,
    "l1ByParam" : {
      "b" : 0.0,
      "W" : 1.0E-5
    },
    "l2ByParam" : {
      "b" : 0.0,
      "W" : 1.0E-5
    },
    "layer" : {
      "output" : {
        "activationFn" : {
          "ReLU" : { }
        },
        "adamMeanDecay" : "NaN",
        "adamVarDecay" : "NaN",
        "biasInit" : 0.0,
        "biasLearningRate" : 1.0E-4,
        "dist" : null,
        "dropOut" : 0.5,
        "epsilon" : "NaN",
        "gradientNormalization" : "RenormalizeL2PerParamType",
        "gradientNormalizationThreshold" : 0.5,
        "iupdater" : {
          "@class" : "org.nd4j.linalg.learning.config.Nesterovs",
          "learningRate" : 1.0E-4,
          "momentum" : 0.9
        },
        "l1" : 1.0E-5,
        "l1Bias" : 0.0,
        "l2" : 1.0E-5,
        "l2Bias" : 0.0,
        "layerName" : "layer4",
        "learningRate" : 1.0E-4,
        "learningRateSchedule" : null,
        "lossFn" : {
          "MSLE" : { }
        },
        "lossFunction" : null,
        "momentum" : 0.9,
        "momentumSchedule" : { },
        "nin" : 50,
        "nout" : 100,
        "rho" : "NaN",
        "rmsDecay" : "NaN",
        "updater" : "NESTEROVS",
        "weightInit" : "RELU_UNIFORM"
      }
    },
    "leakyreluAlpha" : 0.0,
    "learningRateByParam" : {
      "b" : 1.0E-4,
      "W" : 1.0E-4
    },
    "learningRatePolicy" : "None",
    "lrPolicyDecayRate" : "NaN",
    "lrPolicyPower" : "NaN",
    "lrPolicySteps" : "NaN",
    "maxNumLineSearchIterations" : 5,
    "miniBatch" : true,
    "minimize" : true,
    "numIterations" : 1,
    "optimizationAlgo" : "STOCHASTIC_GRADIENT_DESCENT",
    "pretrain" : false,
    "seed" : 1528466530955,
    "stepFunction" : null,
    "useDropConnect" : false,
    "useRegularization" : true,
    "variables" : [ "W", "b" ]
  } ],
  "inferenceWorkspaceMode" : "SEPARATE",
  "inputPreProcessors" : { },
  "iterationCount" : 0,
  "pretrain" : false,
  "tbpttBackLength" : 20,
  "tbpttFwdLength" : 20,
  "trainingWorkspaceMode" : "NONE"
}